sku,name,links,image,qty,image_url,gallery,description
2749587,leaf,"file:0.png,sort_order:,title:leaf,sample:,is_shareable:config,number_of_downloads:0",2749587_1.jpg,999,https://cdn.pixabay.com/photo/2017/09/14/16/38/leaf-2749587__340.jpg,2749587_1.jpg,"<p><img src=""{{media url=""wysiwyg/material/2/7/2749587/2749587_1.jpg""}}"" alt="""" /></p>"
2740997,spider,"file:0.png,sort_order:,title:spider,sample:,is_shareable:config,number_of_downloads:0",2740997_1.jpg,999,https://cdn.pixabay.com/photo/2017/09/12/01/25/spider-2740997__340.jpg,2740997_1.jpg,"<p><img src=""{{media url=""wysiwyg/material/2/7/2740997/2740997_1.jpg""}}"" alt="""" /></p>"
2691602,gorilla,"file:0.png,sort_order:,title:gorilla,sample:,is_shareable:config,number_of_downloads:0",2691602_1.jpg,999,https://cdn.pixabay.com/photo/2017/08/28/22/59/gorilla-2691602__340.jpg,2691602_1.jpg,"<p><img src=""{{media url=""wysiwyg/material/2/6/2691602/2691602_1.jpg""}}"" alt="""" /></p>"
2663113,golden-rod,"file:0.png,sort_order:,title:golden-rod,sample:,is_shareable:config,number_of_downloads:0",2663113_1.jpg,999,https://cdn.pixabay.com/photo/2017/08/20/20/52/golden-rod-2663113__340.jpg,2663113_1.jpg,"<p><img src=""{{media url=""wysiwyg/material/2/6/2663113/2663113_1.jpg""}}"" alt="""" /></p>"
2715711,grapes,"file:0.png,sort_order:,title:grapes,sample:,is_shareable:config,number_of_downloads:0",2715711_1.jpg,999,https://cdn.pixabay.com/photo/2017/09/04/22/16/grapes-2715711__340.jpg,2715711_1.jpg,"<p><img src=""{{media url=""wysiwyg/material/2/7/2715711/2715711_1.jpg""}}"" alt="""" /></p>"
2638701,agaric,"file:0.png,sort_order:,title:agaric,sample:,is_shareable:config,number_of_downloads:0",2638701_1.jpg,999,https://cdn.pixabay.com/photo/2017/08/13/21/54/agaric-2638701__340.jpg,2638701_1.jpg,"<p><img src=""{{media url=""wysiwyg/material/2/6/2638701/2638701_1.jpg""}}"" alt="""" /></p>"
2711279,woman,"file:0.png,sort_order:,title:woman,sample:,is_shareable:config,number_of_downloads:0",2711279_1.jpg,999,https://cdn.pixabay.com/photo/2017/09/03/17/26/woman-2711279__340.jpg,2711279_1.jpg,"<p><img src=""{{media url=""wysiwyg/material/2/7/2711279/2711279_1.jpg""}}"" alt="""" /></p>"
2713356,cross,"file:0.png,sort_order:,title:cross,sample:,is_shareable:config,number_of_downloads:0",2713356_1.jpg,999,https://cdn.pixabay.com/photo/2017/09/04/09/38/cross-2713356__340.jpg,2713356_1.jpg,"<p><img src=""{{media url=""wysiwyg/material/2/7/2713356/2713356_1.jpg""}}"" alt="""" /></p>"
2399770,duck,"file:0.png,sort_order:,title:duck,sample:,is_shareable:config,number_of_downloads:0",2399770_1.jpg,999,https://cdn.pixabay.com/photo/2017/06/13/19/26/duck-2399770__340.jpg,2399770_1.jpg,"<p><img src=""{{media url=""wysiwyg/material/2/3/2399770/2399770_1.jpg""}}"" alt="""" /></p>"
2561053,people,"file:0.png,sort_order:,title:people,sample:,is_shareable:config,number_of_downloads:0",2561053_1.jpg,999,https://cdn.pixabay.com/photo/2017/07/31/21/04/people-2561053__340.jpg,2561053_1.jpg,"<p><img src=""{{media url=""wysiwyg/material/2/5/2561053/2561053_1.jpg""}}"" alt="""" /></p>"
2532192,roll,"file:0.png,sort_order:,title:roll,sample:,is_shareable:config,number_of_downloads:0",2532192_1.jpg,999,https://cdn.pixabay.com/photo/2017/07/23/18/23/roll-2532192__340.jpg,2532192_1.jpg,"<p><img src=""{{media url=""wysiwyg/material/2/5/2532192/2532192_1.jpg""}}"" alt="""" /></p>"
2523917,fly,"file:0.png,sort_order:,title:fly,sample:,is_shareable:config,number_of_downloads:0",2523917_1.jpg,999,https://cdn.pixabay.com/photo/2017/07/20/21/49/fly-2523917__340.jpg,2523917_1.jpg,"<p><img src=""{{media url=""wysiwyg/material/2/5/2523917/2523917_1.jpg""}}"" alt="""" /></p>"
1926414,hands,"file:0.png,sort_order:,title:hands,sample:,is_shareable:config,number_of_downloads:0",1926414_1.jpg,999,https://cdn.pixabay.com/photo/2016/12/22/22/07/hands-1926414__340.jpg,1926414_1.jpg,"<p><img src=""{{media url=""wysiwyg/material/1/9/1926414/1926414_1.jpg""}}"" alt="""" /></p>"
2697949,analytics,"file:0.png,sort_order:,title:analytics,sample:,is_shareable:config,number_of_downloads:0",2697949_1.jpg,999,https://cdn.pixabay.com/photo/2017/08/30/17/26/analytics-2697949__340.jpg,2697949_1.jpg,"<p><img src=""{{media url=""wysiwyg/material/2/6/2697949/2697949_1.jpg""}}"" alt="""" /></p>"
2667434,car-dashboard,"file:0.png,sort_order:,title:car-dashboard,sample:,is_shareable:config,number_of_downloads:0",2667434_1.jpg,999,https://cdn.pixabay.com/photo/2017/08/22/00/27/car-dashboard-2667434__340.jpg,2667434_1.jpg,"<p><img src=""{{media url=""wysiwyg/material/2/6/2667434/2667434_1.jpg""}}"" alt="""" /></p>"
2053165,robbe,"file:0.png,sort_order:,title:robbe,sample:,is_shareable:config,number_of_downloads:0",2053165_1.jpg,999,https://cdn.pixabay.com/photo/2017/02/09/18/40/robbe-2053165__340.jpg,2053165_1.jpg,"<p><img src=""{{media url=""wysiwyg/material/2/0/2053165/2053165_1.jpg""}}"" alt="""" /></p>"
817365,children,"file:0.png,sort_order:,title:children,sample:,is_shareable:config,number_of_downloads:0",817365_1.jpg,999,https://cdn.pixabay.com/photo/2015/06/22/08/37/children-817365__340.jpg,817365_1.jpg,"<p><img src=""{{media url=""wysiwyg/material/8/1/817365/817365_1.jpg""}}"" alt="""" /></p>"
2295436,spring-bird,"file:0.png,sort_order:,title:spring-bird,sample:,is_shareable:config,number_of_downloads:0",2295436_1.jpg,999,https://cdn.pixabay.com/photo/2017/05/08/13/15/spring-bird-2295436__340.jpg,2295436_1.jpg,"<p><img src=""{{media url=""wysiwyg/material/2/2/2295436/2295436_1.jpg""}}"" alt="""" /></p>"
1979546,castelmezzano,"file:0.png,sort_order:,title:castelmezzano,sample:,is_shareable:config,number_of_downloads:0",1979546_1.jpg,999,https://cdn.pixabay.com/photo/2017/01/14/13/59/castelmezzano-1979546__340.jpg,1979546_1.jpg,"<p><img src=""{{media url=""wysiwyg/material/1/9/1979546/1979546_1.jpg""}}"" alt="""" /></p>"
1873078,apple,"file:0.png,sort_order:,title:apple,sample:,is_shareable:config,number_of_downloads:0",1873078_1.jpg,999,https://cdn.pixabay.com/photo/2016/11/30/15/23/apple-1873078__340.jpg,1873078_1.jpg,"<p><img src=""{{media url=""wysiwyg/material/1/8/1873078/1873078_1.jpg""}}"" alt="""" /></p>"
1576086,round-leaved-bellflower,"file:0.png,sort_order:,title:round-leaved-bellflower,sample:,is_shareable:config,number_of_downloads:0",1576086_1.jpg,999,https://cdn.pixabay.com/photo/2016/08/07/11/30/round-leaved-bellflower-1576086__340.jpg,1576086_1.jpg,"<p><img src=""{{media url=""wysiwyg/material/1/5/1576086/1576086_1.jpg""}}"" alt="""" /></p>"
2143332,cat,"file:0.png,sort_order:,title:cat,sample:,is_shareable:config,number_of_downloads:0",2143332_1.jpg,999,https://cdn.pixabay.com/photo/2017/03/14/14/49/cat-2143332__340.jpg,2143332_1.jpg,"<p><img src=""{{media url=""wysiwyg/material/2/1/2143332/2143332_1.jpg""}}"" alt="""" /></p>"
2201521,tulips,"file:0.png,sort_order:,title:tulips,sample:,is_shareable:config,number_of_downloads:0",2201521_1.jpg,999,https://cdn.pixabay.com/photo/2017/04/04/15/04/tulips-2201521__340.jpg,2201521_1.jpg,"<p><img src=""{{media url=""wysiwyg/material/2/2/2201521/2201521_1.jpg""}}"" alt="""" /></p>"
2180330,money,"file:0.png,sort_order:,title:money,sample:,is_shareable:config,number_of_downloads:0",2180330_1.jpg,999,https://cdn.pixabay.com/photo/2017/03/27/21/31/money-2180330__340.jpg,2180330_1.jpg,"<p><img src=""{{media url=""wysiwyg/material/2/1/2180330/2180330_1.jpg""}}"" alt="""" /></p>"
2104327,yogurt,"file:0.png,sort_order:,title:yogurt,sample:,is_shareable:config,number_of_downloads:0",2104327_1.jpg,999,https://cdn.pixabay.com/photo/2017/02/27/21/47/yogurt-2104327__340.jpg,2104327_1.jpg,"<p><img src=""{{media url=""wysiwyg/material/2/1/2104327/2104327_1.jpg""}}"" alt="""" /></p>"
1745240,wedding,"file:0.png,sort_order:,title:wedding,sample:,is_shareable:config,number_of_downloads:0",1745240_1.jpg,999,https://cdn.pixabay.com/photo/2016/10/16/14/21/wedding-1745240__340.jpg,1745240_1.jpg,"<p><img src=""{{media url=""wysiwyg/material/1/7/1745240/1745240_1.jpg""}}"" alt="""" /></p>"
1961538,candy,"file:0.png,sort_order:,title:candy,sample:,is_shareable:config,number_of_downloads:0",1961538_1.jpg,999,https://cdn.pixabay.com/photo/2017/01/07/20/40/candy-1961538__340.jpg,1961538_1.jpg,"<p><img src=""{{media url=""wysiwyg/material/1/9/1961538/1961538_1.jpg""}}"" alt="""" /></p>"
1768790,makeup-brush,"file:0.png,sort_order:,title:makeup-brush,sample:,is_shareable:config,number_of_downloads:0",1768790_1.jpg,999,https://cdn.pixabay.com/photo/2016/10/25/12/53/makeup-brush-1768790__340.jpg,1768790_1.jpg,"<p><img src=""{{media url=""wysiwyg/material/1/7/1768790/1768790_1.jpg""}}"" alt="""" /></p>"
1995079,orange,"file:0.png,sort_order:,title:orange,sample:,is_shareable:config,number_of_downloads:0",1995079_1.jpg,999,https://cdn.pixabay.com/photo/2017/01/20/15/12/orange-1995079__340.jpg,1995079_1.jpg,"<p><img src=""{{media url=""wysiwyg/material/1/9/1995079/1995079_1.jpg""}}"" alt="""" /></p>"
1862633,tree,"file:0.png,sort_order:,title:tree,sample:,is_shareable:config,number_of_downloads:0",1862633_1.jpg,999,https://cdn.pixabay.com/photo/2016/11/27/11/39/tree-1862633__340.jpg,1862633_1.jpg,"<p><img src=""{{media url=""wysiwyg/material/1/8/1862633/1862633_1.jpg""}}"" alt="""" /></p>"
1954827,icicle,"file:0.png,sort_order:,title:icicle,sample:,is_shareable:config,number_of_downloads:0",1954827_1.jpg,999,https://cdn.pixabay.com/photo/2017/01/05/11/16/icicle-1954827__340.jpg,1954827_1.jpg,"<p><img src=""{{media url=""wysiwyg/material/1/9/1954827/1954827_1.jpg""}}"" alt="""" /></p>"
1525629,model,"file:0.png,sort_order:,title:model,sample:,is_shareable:config,number_of_downloads:0",1525629_1.jpg,999,https://cdn.pixabay.com/photo/2016/07/18/10/16/model-1525629__340.jpg,1525629_1.jpg,"<p><img src=""{{media url=""wysiwyg/material/1/5/1525629/1525629_1.jpg""}}"" alt="""" /></p>"
2137800,make-up,"file:0.png,sort_order:,title:make-up,sample:,is_shareable:config,number_of_downloads:0",2137800_1.jpg,999,https://cdn.pixabay.com/photo/2017/03/12/19/06/make-up-2137800__340.jpg,2137800_1.jpg,"<p><img src=""{{media url=""wysiwyg/material/2/1/2137800/2137800_1.jpg""}}"" alt="""" /></p>"
2145539,crocus,"file:0.png,sort_order:,title:crocus,sample:,is_shareable:config,number_of_downloads:0",2145539_1.jpg,999,https://cdn.pixabay.com/photo/2017/03/15/09/00/crocus-2145539__340.jpg,2145539_1.jpg,"<p><img src=""{{media url=""wysiwyg/material/2/1/2145539/2145539_1.jpg""}}"" alt="""" /></p>"
2177768,macro,"file:0.png,sort_order:,title:macro,sample:,is_shareable:config,number_of_downloads:0",2177768_1.jpg,999,https://cdn.pixabay.com/photo/2017/03/27/09/07/macro-2177768__340.jpg,2177768_1.jpg,"<p><img src=""{{media url=""wysiwyg/material/2/1/2177768/2177768_1.jpg""}}"" alt="""" /></p>"
2134595,surfing,"file:0.png,sort_order:,title:surfing,sample:,is_shareable:config,number_of_downloads:0",2134595_1.jpg,999,https://cdn.pixabay.com/photo/2017/03/11/08/22/surfing-2134595__340.jpg,2134595_1.jpg,"<p><img src=""{{media url=""wysiwyg/material/2/1/2134595/2134595_1.jpg""}}"" alt="""" /></p>"
2123970,thought,"file:0.png,sort_order:,title:thought,sample:,is_shareable:config,number_of_downloads:0",2123970_1.jpg,999,https://cdn.pixabay.com/photo/2017/03/07/13/02/thought-2123970__340.jpg,2123970_1.jpg,"<p><img src=""{{media url=""wysiwyg/material/2/1/2123970/2123970_1.jpg""}}"" alt="""" /></p>"
2571788,winter-landscape,"file:0.png,sort_order:,title:winter-landscape,sample:,is_shareable:config,number_of_downloads:0",2571788_1.jpg,999,https://cdn.pixabay.com/photo/2017/08/02/14/26/winter-landscape-2571788__340.jpg,2571788_1.jpg,"<p><img src=""{{media url=""wysiwyg/material/2/5/2571788/2571788_1.jpg""}}"" alt="""" /></p>"
2531191,statue-of-hercules,"file:0.png,sort_order:,title:statue-of-hercules,sample:,is_shareable:config,number_of_downloads:0",2531191_1.jpg,999,https://cdn.pixabay.com/photo/2017/07/23/11/46/statue-of-hercules-2531191__340.jpg,2531191_1.jpg,"<p><img src=""{{media url=""wysiwyg/material/2/5/2531191/2531191_1.jpg""}}"" alt="""" /></p>"
2516582,little-girl,"file:0.png,sort_order:,title:little-girl,sample:,is_shareable:config,number_of_downloads:0",2516582_1.jpg,999,https://cdn.pixabay.com/photo/2017/07/18/18/02/little-girl-2516582__340.jpg,2516582_1.jpg,"<p><img src=""{{media url=""wysiwyg/material/2/5/2516582/2516582_1.jpg""}}"" alt="""" /></p>"
2695569,milky-way,"file:0.png,sort_order:,title:milky-way,sample:,is_shareable:config,number_of_downloads:0",2695569_1.jpg,999,https://cdn.pixabay.com/photo/2017/08/30/01/05/milky-way-2695569__340.jpg,2695569_1.jpg,"<p><img src=""{{media url=""wysiwyg/material/2/6/2695569/2695569_1.jpg""}}"" alt="""" /></p>"
2697951,to-reach,"file:0.png,sort_order:,title:to-reach,sample:,is_shareable:config,number_of_downloads:0",2697951_1.jpg,999,https://cdn.pixabay.com/photo/2017/08/30/17/26/to-reach-2697951__340.jpg,2697951_1.jpg,"<p><img src=""{{media url=""wysiwyg/material/2/6/2697951/2697951_1.jpg""}}"" alt="""" /></p>"
2656259,grapes,"file:0.png,sort_order:,title:grapes,sample:,is_shareable:config,number_of_downloads:0",2656259_1.jpg,999,https://cdn.pixabay.com/photo/2017/08/18/19/48/grapes-2656259__340.jpg,2656259_1.jpg,"<p><img src=""{{media url=""wysiwyg/material/2/6/2656259/2656259_1.jpg""}}"" alt="""" /></p>"
2677036,mummy,"file:0.png,sort_order:,title:mummy,sample:,is_shareable:config,number_of_downloads:0",2677036_1.jpg,999,https://cdn.pixabay.com/photo/2017/08/24/14/45/mummy-2677036__340.jpg,2677036_1.jpg,"<p><img src=""{{media url=""wysiwyg/material/2/6/2677036/2677036_1.jpg""}}"" alt="""" /></p>"
2662890,oregano,"file:0.png,sort_order:,title:oregano,sample:,is_shareable:config,number_of_downloads:0",2662890_1.jpg,999,https://cdn.pixabay.com/photo/2017/08/20/19/33/oregano-2662890__340.jpg,2662890_1.jpg,"<p><img src=""{{media url=""wysiwyg/material/2/6/2662890/2662890_1.jpg""}}"" alt="""" /></p>"
2678544,tartan-track,"file:0.png,sort_order:,title:tartan-track,sample:,is_shareable:config,number_of_downloads:0",2678544_1.jpg,999,https://cdn.pixabay.com/photo/2017/08/24/21/41/tartan-track-2678544__340.jpg,2678544_1.jpg,"<p><img src=""{{media url=""wysiwyg/material/2/6/2678544/2678544_1.jpg""}}"" alt="""" /></p>"
2651286,motorcycle,"file:0.png,sort_order:,title:motorcycle,sample:,is_shareable:config,number_of_downloads:0",2651286_1.jpg,999,https://cdn.pixabay.com/photo/2017/08/17/13/14/motorcycle-2651286__340.jpg,2651286_1.jpg,"<p><img src=""{{media url=""wysiwyg/material/2/6/2651286/2651286_1.jpg""}}"" alt="""" /></p>"
2700972,emotions,"file:0.png,sort_order:,title:emotions,sample:,is_shareable:config,number_of_downloads:0",2700972_1.jpg,999,https://cdn.pixabay.com/photo/2017/08/31/14/51/emotions-2700972__340.jpg,2700972_1.jpg,"<p><img src=""{{media url=""wysiwyg/material/2/7/2700972/2700972_1.jpg""}}"" alt="""" /></p>"
2645403,salami,"file:0.png,sort_order:,title:salami,sample:,is_shareable:config,number_of_downloads:0",2645403_1.jpg,999,https://cdn.pixabay.com/photo/2017/08/15/20/16/salami-2645403__340.jpg,2645403_1.jpg,"<p><img src=""{{media url=""wysiwyg/material/2/6/2645403/2645403_1.jpg""}}"" alt="""" /></p>"
2687975,not-hear,"file:0.png,sort_order:,title:not-hear,sample:,is_shareable:config,number_of_downloads:0",2687975_1.jpg,999,https://cdn.pixabay.com/photo/2017/08/27/23/29/not-hear-2687975__340.jpg,2687975_1.jpg,"<p><img src=""{{media url=""wysiwyg/material/2/6/2687975/2687975_1.jpg""}}"" alt="""" /></p>"
2672931,desirable,"file:0.png,sort_order:,title:desirable,sample:,is_shareable:config,number_of_downloads:0",2672931_1.jpg,999,https://cdn.pixabay.com/photo/2017/08/23/13/38/desirable-2672931__340.jpg,2672931_1.jpg,"<p><img src=""{{media url=""wysiwyg/material/2/6/2672931/2672931_1.jpg""}}"" alt="""" /></p>"
2614569,model,"file:0.png,sort_order:,title:model,sample:,is_shareable:config,number_of_downloads:0",2614569_1.jpg,999,https://cdn.pixabay.com/photo/2017/08/09/13/35/model-2614569__340.jpg,2614569_1.jpg,"<p><img src=""{{media url=""wysiwyg/material/2/6/2614569/2614569_1.jpg""}}"" alt="""" /></p>"
2613125,son-of-a-bitch,"file:0.png,sort_order:,title:son-of-a-bitch,sample:,is_shareable:config,number_of_downloads:0",2613125_1.jpg,999,https://cdn.pixabay.com/photo/2017/08/09/00/29/son-of-a-bitch-2613125__340.jpg,2613125_1.jpg,"<p><img src=""{{media url=""wysiwyg/material/2/6/2613125/2613125_1.jpg""}}"" alt="""" /></p>"
2640743,crisp,"file:0.png,sort_order:,title:crisp,sample:,is_shareable:config,number_of_downloads:0",2640743_1.jpg,999,https://cdn.pixabay.com/photo/2017/08/14/14/56/crisp-2640743__340.jpg,2640743_1.jpg,"<p><img src=""{{media url=""wysiwyg/material/2/6/2640743/2640743_1.jpg""}}"" alt="""" /></p>"
2578114,nature,"file:0.png,sort_order:,title:nature,sample:,is_shareable:config,number_of_downloads:0",2578114_1.jpg,999,https://cdn.pixabay.com/photo/2017/08/03/19/42/nature-2578114__340.jpg,2578114_1.jpg,"<p><img src=""{{media url=""wysiwyg/material/2/5/2578114/2578114_1.jpg""}}"" alt="""" /></p>"
2608425,bled,"file:0.png,sort_order:,title:bled,sample:,is_shareable:config,number_of_downloads:0",2608425_1.jpg,999,https://cdn.pixabay.com/photo/2017/08/07/22/10/bled-2608425__340.jpg,2608425_1.jpg,"<p><img src=""{{media url=""wysiwyg/material/2/6/2608425/2608425_1.jpg""}}"" alt="""" /></p>"
2677579,sport,"file:0.png,sort_order:,title:sport,sample:,is_shareable:config,number_of_downloads:0",2677579_1.jpg,999,https://cdn.pixabay.com/photo/2017/08/24/17/16/sport-2677579__340.png,2677579_1.jpg,"<p><img src=""{{media url=""wysiwyg/material/2/6/2677579/2677579_1.jpg""}}"" alt="""" /></p>"
2700495,wedding,"file:0.png,sort_order:,title:wedding,sample:,is_shareable:config,number_of_downloads:0",2700495_1.jpg,999,https://cdn.pixabay.com/photo/2017/08/31/11/55/wedding-2700495__340.jpg,2700495_1.jpg,"<p><img src=""{{media url=""wysiwyg/material/2/7/2700495/2700495_1.jpg""}}"" alt="""" /></p>"
2699297,foxtail,"file:0.png,sort_order:,title:foxtail,sample:,is_shareable:config,number_of_downloads:0",2699297_1.jpg,999,https://cdn.pixabay.com/photo/2017/08/31/03/00/foxtail-2699297__340.jpg,2699297_1.jpg,"<p><img src=""{{media url=""wysiwyg/material/2/6/2699297/2699297_1.jpg""}}"" alt="""" /></p>"
2698731,milan,"file:0.png,sort_order:,title:milan,sample:,is_shareable:config,number_of_downloads:0",2698731_1.jpg,999,https://cdn.pixabay.com/photo/2017/08/30/21/57/milan-2698731__340.jpg,2698731_1.jpg,"<p><img src=""{{media url=""wysiwyg/material/2/6/2698731/2698731_1.jpg""}}"" alt="""" /></p>"
2696759,dessert,"file:0.png,sort_order:,title:dessert,sample:,is_shareable:config,number_of_downloads:0",2696759_1.jpg,999,https://cdn.pixabay.com/photo/2017/08/30/11/39/dessert-2696759__340.jpg,2696759_1.jpg,"<p><img src=""{{media url=""wysiwyg/material/2/6/2696759/2696759_1.jpg""}}"" alt="""" /></p>"
2696229,money,"file:0.png,sort_order:,title:money,sample:,is_shareable:config,number_of_downloads:0",2696229_1.jpg,999,https://cdn.pixabay.com/photo/2017/08/30/07/56/money-2696229__340.jpg,2696229_1.jpg,"<p><img src=""{{media url=""wysiwyg/material/2/6/2696229/2696229_1.jpg""}}"" alt="""" /></p>"
2696947,girl,"file:0.png,sort_order:,title:girl,sample:,is_shareable:config,number_of_downloads:0",2696947_1.jpg,999,https://cdn.pixabay.com/photo/2017/08/30/12/45/girl-2696947__340.jpg,2696947_1.jpg,"<p><img src=""{{media url=""wysiwyg/material/2/6/2696947/2696947_1.jpg""}}"" alt="""" /></p>"
2695883,food,"file:0.png,sort_order:,title:food,sample:,is_shareable:config,number_of_downloads:0",2695883_1.jpg,999,https://cdn.pixabay.com/photo/2017/08/30/04/23/food-2695883__340.jpg,2695883_1.jpg,"<p><img src=""{{media url=""wysiwyg/material/2/6/2695883/2695883_1.jpg""}}"" alt="""" /></p>"
888591,man,"file:0.png,sort_order:,title:man,sample:,is_shareable:config,number_of_downloads:0",888591_1.jpg,999,https://cdn.pixabay.com/photo/2015/08/14/16/30/man-888591__340.jpg,888591_1.jpg,"<p><img src=""{{media url=""wysiwyg/material/8/8/888591/888591_1.jpg""}}"" alt="""" /></p>"
2305192,fruit,"file:0.png,sort_order:,title:fruit,sample:,is_shareable:config,number_of_downloads:0",2305192_1.jpg,999,https://cdn.pixabay.com/photo/2017/05/11/19/44/fruit-2305192__340.jpg,2305192_1.jpg,"<p><img src=""{{media url=""wysiwyg/material/2/3/2305192/2305192_1.jpg""}}"" alt="""" /></p>"
2646143,panorama,"file:0.png,sort_order:,title:panorama,sample:,is_shareable:config,number_of_downloads:0",2646143_1.jpg,999,https://cdn.pixabay.com/photo/2017/08/16/00/59/panorama-2646143__340.jpg,2646143_1.jpg,"<p><img src=""{{media url=""wysiwyg/material/2/6/2646143/2646143_1.jpg""}}"" alt="""" /></p>"
2040340,zen,"file:0.png,sort_order:,title:zen,sample:,is_shareable:config,number_of_downloads:0",2040340_1.jpg,999,https://cdn.pixabay.com/photo/2017/02/05/15/04/zen-2040340__340.jpg,2040340_1.jpg,"<p><img src=""{{media url=""wysiwyg/material/2/0/2040340/2040340_1.jpg""}}"" alt="""" /></p>"
2530165,sunset,"file:0.png,sort_order:,title:sunset,sample:,is_shareable:config,number_of_downloads:0",2530165_1.jpg,999,https://cdn.pixabay.com/photo/2017/07/22/22/56/sunset-2530165__340.jpg,2530165_1.jpg,"<p><img src=""{{media url=""wysiwyg/material/2/5/2530165/2530165_1.jpg""}}"" alt="""" /></p>"
2628473,candles,"file:0.png,sort_order:,title:candles,sample:,is_shareable:config,number_of_downloads:0",2628473_1.jpg,999,https://cdn.pixabay.com/photo/2017/08/10/22/34/candles-2628473__340.jpg,2628473_1.jpg,"<p><img src=""{{media url=""wysiwyg/material/2/6/2628473/2628473_1.jpg""}}"" alt="""" /></p>"
1560383,currant,"file:0.png,sort_order:,title:currant,sample:,is_shareable:config,number_of_downloads:0",1560383_1.jpg,999,https://cdn.pixabay.com/photo/2016/08/01/02/42/currant-1560383__340.jpg,1560383_1.jpg,"<p><img src=""{{media url=""wysiwyg/material/1/5/1560383/1560383_1.jpg""}}"" alt="""" /></p>"
2635038,walking,"file:0.png,sort_order:,title:walking,sample:,is_shareable:config,number_of_downloads:0",2635038_1.jpg,999,https://cdn.pixabay.com/photo/2017/08/12/19/01/walking-2635038__340.jpg,2635038_1.jpg,"<p><img src=""{{media url=""wysiwyg/material/2/6/2635038/2635038_1.jpg""}}"" alt="""" /></p>"
2634729,nature,"file:0.png,sort_order:,title:nature,sample:,is_shareable:config,number_of_downloads:0",2634729_1.jpg,999,https://cdn.pixabay.com/photo/2017/08/12/17/11/nature-2634729__340.jpg,2634729_1.jpg,"<p><img src=""{{media url=""wysiwyg/material/2/6/2634729/2634729_1.jpg""}}"" alt="""" /></p>"
2611528,adler,"file:0.png,sort_order:,title:adler,sample:,is_shareable:config,number_of_downloads:0",2611528_1.jpg,999,https://cdn.pixabay.com/photo/2017/08/08/14/32/adler-2611528__340.jpg,2611528_1.jpg,"<p><img src=""{{media url=""wysiwyg/material/2/6/2611528/2611528_1.jpg""}}"" alt="""" /></p>"
2608864,coffee,"file:0.png,sort_order:,title:coffee,sample:,is_shareable:config,number_of_downloads:0",2608864_1.jpg,999,https://cdn.pixabay.com/photo/2017/08/07/22/57/coffee-2608864__340.jpg,2608864_1.jpg,"<p><img src=""{{media url=""wysiwyg/material/2/6/2608864/2608864_1.jpg""}}"" alt="""" /></p>"
2563491,people,"file:0.png,sort_order:,title:people,sample:,is_shareable:config,number_of_downloads:0",2563491_1.jpg,999,https://cdn.pixabay.com/photo/2017/08/01/08/29/people-2563491__340.jpg,2563491_1.jpg,"<p><img src=""{{media url=""wysiwyg/material/2/5/2563491/2563491_1.jpg""}}"" alt="""" /></p>"
2580236,dahlias,"file:0.png,sort_order:,title:dahlias,sample:,is_shareable:config,number_of_downloads:0",2580236_1.jpg,999,https://cdn.pixabay.com/photo/2017/08/04/14/44/dahlias-2580236__340.png,2580236_1.jpg,"<p><img src=""{{media url=""wysiwyg/material/2/5/2580236/2580236_1.jpg""}}"" alt="""" /></p>"
2573836,peach,"file:0.png,sort_order:,title:peach,sample:,is_shareable:config,number_of_downloads:0",2573836_1.jpg,999,https://cdn.pixabay.com/photo/2017/08/02/22/46/peach-2573836__340.jpg,2573836_1.jpg,"<p><img src=""{{media url=""wysiwyg/material/2/5/2573836/2573836_1.jpg""}}"" alt="""" /></p>"
2577813,wolf-in-sheeps-clothing,"file:0.png,sort_order:,title:wolf-in-sheeps-clothing,sample:,is_shareable:config,number_of_downloads:0",2577813_1.jpg,999,https://cdn.pixabay.com/photo/2017/08/03/18/49/wolf-in-sheeps-clothing-2577813__340.jpg,2577813_1.jpg,"<p><img src=""{{media url=""wysiwyg/material/2/5/2577813/2577813_1.jpg""}}"" alt="""" /></p>"
2539163,lemon,"file:0.png,sort_order:,title:lemon,sample:,is_shareable:config,number_of_downloads:0",2539163_1.jpg,999,https://cdn.pixabay.com/photo/2017/07/25/18/56/lemon-2539163__340.jpg,2539163_1.jpg,"<p><img src=""{{media url=""wysiwyg/material/2/5/2539163/2539163_1.jpg""}}"" alt="""" /></p>"
